<toc label="F3" topic="index.html">
  <topic label="Fat-Free Framework" href="index.html"/>
  <topic label="Data Structures">
    <topic label="Data Structures" href="annotated.html">
      <topic label="Akismet" href="class_akismet.html">
        <topic label="check" href="class_akismet.html#af59e9cc9e3805d4247a95497d7cfaf8a"/>
        <topic label="ham" href="class_akismet.html#af495cdf7b203f7197f28588b7555d8a9"/>
        <topic label="spam" href="class_akismet.html#aab1e23c63559b7e7f3bfc01cfab2256b"/>
        <topic label="verify" href="class_akismet.html#ad6ce6807a97843569c8f94d36968711d"/>
        <topic label="$key" href="class_akismet.html#aa60b0284e0dfa2463495481cf11e3cf4"/>
        <topic label="$verified" href="class_akismet.html#a3440ba6d17145b86eb0a4f9cb9eadecd"/>
        <topic label="TEXT_VerifyFail" href="class_akismet.html#a820d2522d405bedec1f9ec282bbdf25a"/>
      </topic>
      <topic label="AtomRSS" href="class_atom_r_s_s.html">
        <topic label="read" href="class_atom_r_s_s.html#abae7cf8c9a29d73e4a85903b762b616c"/>
      </topic>
      <topic label="Auth" href="class_auth.html">
        <topic label="basic" href="class_auth.html#ad5d810cbfd28940affb05bc8938bb1eb"/>
        <topic label="imap" href="class_auth.html#aa441e48ee511ae579b7279e1e40d2147"/>
        <topic label="jig" href="class_auth.html#aac401ed00bb869329d296b1cd4fad97b"/>
        <topic label="ldap" href="class_auth.html#a4e99de4a8611bde392fc65106a5d28b6"/>
        <topic label="nosql" href="class_auth.html#ad0dc27bb9d4c09cc7691ade0b89ea7b8"/>
        <topic label="onload" href="class_auth.html#a19f6dcfab5fa39cb01391f840257e689"/>
        <topic label="sql" href="class_auth.html#ac2c4b22f591a81c710ae9d39fdc998c2"/>
        <topic label="TEXT_AuthSetup" href="class_auth.html#ac72535f8b4ee0f95814510de60db260e"/>
        <topic label="TEXT_IMAPConnect" href="class_auth.html#a1600b1f61df44f6eb309d6c66a6dbd33"/>
        <topic label="TEXT_LDAPBind" href="class_auth.html#aff5f60d5391c7ab5faf06c064d4ea893"/>
        <topic label="TEXT_LDAPConnect" href="class_auth.html#a90c57cf91ca877f42272c3b4bf7fcdfc"/>
      </topic>
      <topic label="Axon" href="class_axon.html">
        <topic label="__construct" href="class_axon.html#a095c5d389db211932136b53f25f39685"/>
        <topic label="__get" href="class_axon.html#a8c37413b1062a4f6beb64871dcb922eb"/>
        <topic label="__isset" href="class_axon.html#a5ec3d73ac596d640d4d54bcf944e057c"/>
        <topic label="__set" href="class_axon.html#a127d4a2f117622d4f69e55d4665a428b"/>
        <topic label="__unset" href="class_axon.html#ac214da7e8e18ff775e5b080cd437cf2a"/>
        <topic label="afind" href="class_axon.html#a679bd3902b5df8d49e25529710b550ca"/>
        <topic label="afindone" href="class_axon.html#aec726c59f6dae0101a37db0596b458da"/>
        <topic label="aselect" href="class_axon.html#a5184e1b33facb1e6f0c57b72eb258268"/>
        <topic label="cast" href="class_axon.html#a628b70732c2d900143c84a426e179c2d"/>
        <topic label="copyFrom" href="class_axon.html#aa831d7498fbcd4b3e5976719c3196984"/>
        <topic label="copyTo" href="class_axon.html#ac7f83e357fc5f0a3771d3d54ffa69527"/>
        <topic label="def" href="class_axon.html#a4d02c1d2a06294c2a2e26557a2c81bfa"/>
        <topic label="dry" href="class_axon.html#acc3a900450447c51540aaa9dec5959a4"/>
        <topic label="erase" href="class_axon.html#a2cc95c7a3b31459d851bcf7beaf589f1"/>
        <topic label="factory" href="class_axon.html#a60e4b1320f31f4049ad7867bd739c14d"/>
        <topic label="find" href="class_axon.html#ab9e9f7abdaff34f2b7645624123abeea"/>
        <topic label="findone" href="class_axon.html#a99f78e91ded668c5593e4fe7275e71fd"/>
        <topic label="found" href="class_axon.html#a4742c4124d7bc49023a99fc80cdba4a1"/>
        <topic label="isdef" href="class_axon.html#a557775115d3d79ef5e4555676df5afa8"/>
        <topic label="load" href="class_axon.html#af8bf4a035f1ea90ce2ea314e5dc9ac53"/>
        <topic label="next" href="class_axon.html#acea62048bfee7b3cd80ed446c86fb78a"/>
        <topic label="prev" href="class_axon.html#a190535b88008d474b610585a5d9eb84c"/>
        <topic label="reset" href="class_axon.html#a4a20559544fdf4dcb457e258dc976cf8"/>
        <topic label="save" href="class_axon.html#afc8a3c62679cf00ade9f15fb2a6d6132"/>
        <topic label="select" href="class_axon.html#a1ddee73b8121f3f1b4bed771a2674456"/>
        <topic label="skip" href="class_axon.html#aad399d205074eaeed711d5e0157b3c0a"/>
        <topic label="sync" href="class_axon.html#a64f4ecc3fb913130785fb0a2652d98d0"/>
        <topic label="undef" href="class_axon.html#a8171028bafd6a8fc5e73a4b283445776"/>
        <topic label="$_id" href="class_axon.html#a64da16c4a1c7b2dc6784f6ef26341ed7"/>
        <topic label="$adhoc" href="class_axon.html#a64854f7e0ae3239b503004352ea4556b"/>
        <topic label="$cond" href="class_axon.html#a69797a95f7c668470e5eafed3ebf7706"/>
        <topic label="$empty" href="class_axon.html#a93eb7b714bc974fda90f7c51cff07173"/>
        <topic label="$fields" href="class_axon.html#ab2303c817e3b402b77b7f99627b9c319"/>
        <topic label="$mod" href="class_axon.html#a54322f8babba5ad4bf1e1abb04aea591"/>
        <topic label="$ofs" href="class_axon.html#a64bbc9db7be7a50923b9dfe8e2ed4c63"/>
        <topic label="$pkeys" href="class_axon.html#af34db90e78441382c51897617e505b59"/>
        <topic label="$seq" href="class_axon.html#a1218a0024d97fff966ca7d198477c187"/>
        <topic label="$table" href="class_axon.html#ae8876a14058f368335baccf35af4a22b"/>
        <topic label="$types" href="class_axon.html#a92d70a97331cc6fc0a79d9da50895be8"/>
        <topic label="TEXT_AxonArray" href="class_axon.html#a673467f6ca8f0638d16099416f057e70"/>
        <topic label="TEXT_AxonCantUndef" href="class_axon.html#a88d08ec292cfe12e53a29bd48fd12fe6"/>
        <topic label="TEXT_AxonCantUnset" href="class_axon.html#a23a94056cab546b9e0b1a230c47a6c96"/>
        <topic label="TEXT_AxonConflict" href="class_axon.html#a44fc536a7f42017446fd3111edd07fbc"/>
        <topic label="TEXT_AxonConnect" href="class_axon.html#af50e02a51c84c6ab56d2d3feeb46ca7f"/>
        <topic label="TEXT_AxonEmpty" href="class_axon.html#afef2c939929b4ba011810785ac7e2c2f"/>
        <topic label="TEXT_AxonInvalid" href="class_axon.html#a43030e26119bb24a3d21b3dbd110df1c"/>
        <topic label="TEXT_AxonNotMapped" href="class_axon.html#ab11e319e75d4806d2109e2d71e782807"/>
        <topic label="TEXT_AxonReadOnly" href="class_axon.html#a2ac0cee73df668245155b945771d1835"/>
      </topic>
      <topic label="Base" href="class_base.html">
        <topic label="__construct" href="class_base.html#a095c5d389db211932136b53f25f39685"/>
        <topic label="__call" href="class_base.html#a975d2c46a134129eb727fadcadf48adf"/>
        <topic label="__callStatic" href="class_base.html#a9fa8e32de2139fd5e55c102dcdf9120f"/>
        <topic label="append" href="class_base.html#aa675a59051381d08a1eeb5c2840f2dac"/>
        <topic label="binhex" href="class_base.html#a5678185e0f87490ba549fe6a2810dbc7"/>
        <topic label="bytes" href="class_base.html#ac3c223207c85ab49da9dbf7345dd603e"/>
        <topic label="concat" href="class_base.html#a67689c3cbd9efd827257354c186bb40b"/>
        <topic label="copy" href="class_base.html#ad7e00c3d1b2228f84e307668877d3970"/>
        <topic label="csv" href="class_base.html#ad718cb8521a7742613f715483e33efc7"/>
        <topic label="fixslashes" href="class_base.html#a39d9c6869772f030c2efcb2e31ca8b8b"/>
        <topic label="flip" href="class_base.html#a4841220ff7aa7d4629bf681a1233934f"/>
        <topic label="getfile" href="class_base.html#a43bf42d251401a3c98f8ce505b9e7027"/>
        <topic label="hash" href="class_base.html#a728d67d856ee2861972bd6382c52bac8"/>
        <topic label="hexbin" href="class_base.html#a9e6d35480122e187bac2813b1ef3a9db"/>
        <topic label="instance" href="class_base.html#a0deb004950b8dc4f51836316fd19c111"/>
        <topic label="merge" href="class_base.html#a8bb7b1a7ff61040744f509165e2d083e"/>
        <topic label="mkdir" href="class_base.html#a47b10e83f7b74418efb072e393c98c3b"/>
        <topic label="mutex" href="class_base.html#ab255c6a7bbd8010be4d7a54cfcd63026"/>
        <topic label="pop" href="class_base.html#aa2fea37932268d1f1fd448ca89762309"/>
        <topic label="privateip" href="class_base.html#a9189734efc2cbf762787100a44c446a0"/>
        <topic label="push" href="class_base.html#a06b3e40b9750e1d1195e0dc7fa7a1999"/>
        <topic label="putfile" href="class_base.html#a697dd782bc1022e1c349038d50712ea6"/>
        <topic label="realip" href="class_base.html#ab6b7ecd1cd4455262d7fdc1a89af7c90"/>
        <topic label="ref" href="class_base.html#a15b730df13373cc39186d6704d4adf1b"/>
        <topic label="remix" href="class_base.html#af414f5d7e045394f304d7653ed2b0f5c"/>
        <topic label="resolve" href="class_base.html#acfb84a9b0d5e4fd431d2dfa3427d9088"/>
        <topic label="shift" href="class_base.html#a640f0c9fdaae1bce3c676216cbdca4b4"/>
        <topic label="sign" href="class_base.html#ad0771ff4c22459c3fed5c12c3d84007f"/>
        <topic label="split" href="class_base.html#ac582258c2d251d004635c2c8e1b570a4"/>
        <topic label="sprintf" href="class_base.html#a4f8ba04a9e3c5f1b8e3ed83765357cc4"/>
        <topic label="stringify" href="class_base.html#a8ef98118980ab33f37cd4b7a94217dae"/>
        <topic label="tidy" href="class_base.html#a4e5b5056507b44ce091d6d8e95b8bf8b"/>
        <topic label="unshift" href="class_base.html#abf980954c95eaa2f59c44447faf92e62"/>
        <topic label="valid" href="class_base.html#aad891d3a21d7817a2807dc479d93773b"/>
        <topic label="$false" href="class_base.html#a0c9888d0e1fd86f21ede9966fa69eb2f"/>
        <topic label="$null" href="class_base.html#a6009621538a15d305233377e69d9ddd8"/>
        <topic label="$true" href="class_base.html#a3c53495b2ad1b67b64332b21dad7b317"/>
        <topic label="$vars" href="class_base.html#a09f2c833c130b4443725fb576d9d5269"/>
        <topic label="HTTP_100" href="class_base.html#a42c03aab8b513fd2992aeb7820003ad1"/>
        <topic label="HTTP_101" href="class_base.html#a3e91894cd6ca5dcd2cdbc4e658328dbe"/>
        <topic label="HTTP_200" href="class_base.html#ae0a2cfd13da12e121cd5cd44cdba63f1"/>
        <topic label="HTTP_201" href="class_base.html#a5a183af6b7b3d27eadc14a92cc1a8f52"/>
        <topic label="HTTP_202" href="class_base.html#a58dd15c950afe66a5723a02d296e8ef3"/>
        <topic label="HTTP_203" href="class_base.html#a6829270d25c830b55a9399c8c2f4c64d"/>
        <topic label="HTTP_204" href="class_base.html#afe27bd4b405e5b231f7391a6ad27305d"/>
        <topic label="HTTP_205" href="class_base.html#a6abfa0503972e8adc8901aac33e3ba82"/>
        <topic label="HTTP_206" href="class_base.html#a58e0f63fd99ed0ea3e7e60d6ad3b945a"/>
        <topic label="HTTP_300" href="class_base.html#adafda22dbd720503d24641dd6233d288"/>
        <topic label="HTTP_301" href="class_base.html#a6c5ed14921b8f4e396f4efe351b7cf17"/>
        <topic label="HTTP_302" href="class_base.html#a6c27583e94a43460f3a53bc8d52928ed"/>
        <topic label="HTTP_303" href="class_base.html#ad1e133ece2bc42ef9f254c9816cc095b"/>
        <topic label="HTTP_304" href="class_base.html#abdb84279eb4c2ac564c82aa6e6b33304"/>
        <topic label="HTTP_305" href="class_base.html#a71b15cf5ca7eca4fcb95a65d9ef4591e"/>
        <topic label="HTTP_307" href="class_base.html#a8da1214deb6446d70f581c2019cfdbee"/>
        <topic label="HTTP_400" href="class_base.html#a9bc01f248df88512037bd8ccb3bc62cf"/>
        <topic label="HTTP_401" href="class_base.html#a5edf9bc886987f75d84fa9a259fbff15"/>
        <topic label="HTTP_402" href="class_base.html#aa6565d2b492ee606d53edce743d5c71d"/>
        <topic label="HTTP_403" href="class_base.html#a026a0a02c60785631930a6b6a7dfa779"/>
        <topic label="HTTP_404" href="class_base.html#ab15b06b5211e7c1d62dbfefdd2f48fae"/>
        <topic label="HTTP_405" href="class_base.html#ac8f37841b9501862ab4436188e6ef52c"/>
        <topic label="HTTP_406" href="class_base.html#ac89c0f949c653c14eabf66cf51914f7a"/>
        <topic label="HTTP_407" href="class_base.html#aa2744fa255e0fde11c39044a4f39218f"/>
        <topic label="HTTP_408" href="class_base.html#ad478a80358a910b447fe9a8f0fe3e5f3"/>
        <topic label="HTTP_409" href="class_base.html#a14c4dd15ae82f4276945fe8ca3587425"/>
        <topic label="HTTP_410" href="class_base.html#a6ecb7b05cfc5c946b48c517f4cd1eb1e"/>
        <topic label="HTTP_411" href="class_base.html#a5fd3f7b58e313d50de57055da35b8c34"/>
        <topic label="HTTP_412" href="class_base.html#ab3afa21eeb61eec4bec88e01faa33a83"/>
        <topic label="HTTP_413" href="class_base.html#a45f0b1f7c9cf100d85d99d35122be993"/>
        <topic label="HTTP_414" href="class_base.html#a3bc4a9f6ae41b35db4ef4cb6c3c81dc0"/>
        <topic label="HTTP_415" href="class_base.html#a5d89cd8370f685b1f3e6e269687adc45"/>
        <topic label="HTTP_416" href="class_base.html#a38e6c727e49a57b0d54d558ee6c42577"/>
        <topic label="HTTP_417" href="class_base.html#adad1d3f1ac9914076661124ac1125344"/>
        <topic label="HTTP_500" href="class_base.html#a33889bdfdb2d12c842493341cd16851b"/>
        <topic label="HTTP_501" href="class_base.html#a87cea373c6e56aaf7a228e510ba556ae"/>
        <topic label="HTTP_502" href="class_base.html#ad1700a5a37fbd79890aefad7ce0cb498"/>
        <topic label="HTTP_503" href="class_base.html#a8646dd1cbc680e1bf771241e82a0a701"/>
        <topic label="HTTP_504" href="class_base.html#ad02fdd88ce4a4f595f8302e2e7e2fec3"/>
        <topic label="HTTP_505" href="class_base.html#ae2b559dd27bdc2459d58581ed4289275"/>
        <topic label="HTTP_AcceptEnc" href="class_base.html#a9749c21a4d3fa86fca27f716812c9c74"/>
        <topic label="HTTP_Agent" href="class_base.html#a6c9ca3d72ea031d3a3e887126ec92d78"/>
        <topic label="HTTP_Allow" href="class_base.html#a14ede0b35c8d90c6c87542da9f7fcaaa"/>
        <topic label="HTTP_Cache" href="class_base.html#a0820cfff6f509b4ec03db413d2c756a9"/>
        <topic label="HTTP_Connect" href="class_base.html#af2c728d3144b7d5af2a366d64aa451cc"/>
        <topic label="HTTP_Content" href="class_base.html#a678fd5768a3fbe850d4643d0131ed6b5"/>
        <topic label="HTTP_Disposition" href="class_base.html#a5e7a67b2b670557487a1ef2e90b9360b"/>
        <topic label="HTTP_Encoding" href="class_base.html#a938f33fae4f34054de8a2dab2be0018a"/>
        <topic label="HTTP_Expires" href="class_base.html#a4dc2e4da5618e899abd0d62c9d2c9571"/>
        <topic label="HTTP_Host" href="class_base.html#ac3b607ea0858e6f0e559c3e7bf18ed35"/>
        <topic label="HTTP_IfMod" href="class_base.html#aea52b304b763934757cbb4b58dbab08e"/>
        <topic label="HTTP_Keep" href="class_base.html#a18151b5b5929223cd2a6b686c54501df"/>
        <topic label="HTTP_LastMod" href="class_base.html#a7d461bf03ca85767656cd1e45ba10d5b"/>
        <topic label="HTTP_Length" href="class_base.html#ac1031d278e6a1c714e7c45a845792988"/>
        <topic label="HTTP_Location" href="class_base.html#a7fe8923ccbf34fc1a93c233f90ee0065"/>
        <topic label="HTTP_Methods" href="class_base.html#a4752c246fddf3cce18d661d63d62bd79"/>
        <topic label="HTTP_Partial" href="class_base.html#a3684ddff0db1fd16fc98442552936bea"/>
        <topic label="HTTP_Powered" href="class_base.html#a4e1883c35025dcf7def2b3401492fd25"/>
        <topic label="HTTP_Pragma" href="class_base.html#adc41cab3f65299c3edbd5263d48784f7"/>
        <topic label="HTTP_Referer" href="class_base.html#a4b5711d210d1072c6e04bd562abb6513"/>
        <topic label="HTTP_Transfer" href="class_base.html#a63fbb9a46815985d124a461398d4220d"/>
        <topic label="HTTP_WebAuth" href="class_base.html#a62a4283e832275f6311f597835bef04b"/>
        <topic label="PHP_Globals" href="class_base.html#aac1cdf9b7083bfbd2927e5f37b3c202c"/>
        <topic label="TEXT_Apache" href="class_base.html#a277f6a983508010461c807739f615677"/>
        <topic label="TEXT_AppName" href="class_base.html#a4e719aa27068341a6dff9fb81827219d"/>
        <topic label="TEXT_AppURL" href="class_base.html#a7969355d1aaca8fd1afc53d0413d8092"/>
        <topic label="TEXT_Class" href="class_base.html#a819a01b6e24a7c58ef298ff0b518baa4"/>
        <topic label="TEXT_Config" href="class_base.html#aae225a7c65080e6cd70d298ed2f6f5d7"/>
        <topic label="TEXT_Fatal" href="class_base.html#a51af5d864c69dd2ad7511b42f7b6fc69"/>
        <topic label="TEXT_Form" href="class_base.html#a4758decf4f8bd0968f43a462cbeaba20"/>
        <topic label="TEXT_HTTP" href="class_base.html#a9072df33b1bc9127b1542b94237704c3"/>
        <topic label="TEXT_Illegal" href="class_base.html#a88aca44042319597d6d4ed5593286cf2"/>
        <topic label="TEXT_Method" href="class_base.html#a5cde05685c67fc7c509c193b3576f3de"/>
        <topic label="TEXT_MSet" href="class_base.html#a198f9f2bab65f105599f4a84062af804"/>
        <topic label="TEXT_NoRoutes" href="class_base.html#ac061665b104079ae201f4619b3184439"/>
        <topic label="TEXT_NotAllowed" href="class_base.html#a70f6e89c2e8deecaa04558f3b66512f4"/>
        <topic label="TEXT_NotArray" href="class_base.html#acf63c0430ec265bf49ab1973766342ef"/>
        <topic label="TEXT_NotFound" href="class_base.html#a903a653c1ece4127b8cb18ecc69c559e"/>
        <topic label="TEXT_Object" href="class_base.html#a25f065cc5b09b3706d46b756560bb57f"/>
        <topic label="TEXT_PHPExt" href="class_base.html#aafa3fea2a7b2253faaa977733ebbe589"/>
        <topic label="TEXT_Render" href="class_base.html#aecc43d914bee6874975616d18d430403"/>
        <topic label="TEXT_Section" href="class_base.html#a0e6c709e9885548ba630ce444fdca617"/>
        <topic label="TEXT_Static" href="class_base.html#ac8b32c2e33c35aa0f5a8b259daca67d1"/>
        <topic label="TEXT_Tags" href="class_base.html#a866df09ec5af6c099578e3b6de6491fc"/>
        <topic label="TEXT_Version" href="class_base.html#a60dad22d9bfd4620de2d195b44b4aa8c"/>
        <topic label="TEXT_Write" href="class_base.html#ae0d0f17ed341c83b6d97cb6493c0404f"/>
      </topic>
      <topic label="Cache" href="class_cache.html">
        <topic label="cached" href="class_cache.html#a674f44b1f95d3756c95c88ed222b2bfe"/>
        <topic label="clear" href="class_cache.html#a9e0472c73e88f20f20d9f15256eeef53"/>
        <topic label="detect" href="class_cache.html#a9e83e523b8c0abe8411bdde1c26c72ee"/>
        <topic label="get" href="class_cache.html#a7214a6df4dc3c34c769989423639cf56"/>
        <topic label="prep" href="class_cache.html#a7fc78bb52479381445ea934cf407de69"/>
        <topic label="set" href="class_cache.html#a34579be8e02e1643e2aaeb63f2602e15"/>
        <topic label="$backend" href="class_cache.html#a2ebc47c1548afff918b2f2fb5d6152ba"/>
        <topic label="$buffer" href="class_cache.html#af1862006a19e84e552f66189adc792ae"/>
        <topic label="TEXT_Backend" href="class_cache.html#a4a24595176444b18e85c4a7f24b5f59f"/>
        <topic label="TEXT_Clear" href="class_cache.html#a48773b508346e91612f4221cf7558925"/>
        <topic label="TEXT_Fetch" href="class_cache.html#abde5e4ae073ec6af147f73a3e81b8940"/>
        <topic label="TEXT_Store" href="class_cache.html#a95efc274f69bbbde14aa1d16369bdffe"/>
      </topic>
      <topic label="Code" href="class_code.html">
        <topic label="camel" href="class_code.html#a7d5f6c49d7cc8fab38507950879a4070"/>
        <topic label="dump" href="class_code.html#a8ba6aa835d426991f960578b17a66eec"/>
        <topic label="highlight" href="class_code.html#aeb429f0a3cf4c6b6f0f84cb91ada5b19"/>
        <topic label="snake" href="class_code.html#a70102c30f21586d4b0b458c697b890ab"/>
      </topic>
      <topic label="Data" href="class_data.html">
        <topic label="validCaptcha" href="class_data.html#a3857f27dc46d7aa04d651b5288525144"/>
        <topic label="validEmail" href="class_data.html#a57ebabc6baa15e20628df39f96bcf78c"/>
        <topic label="validURL" href="class_data.html#ac0eada63db39c97f6e947ea76d43b5a1"/>
      </topic>
      <topic label="DB" href="class_d_b.html">
        <topic label="__destruct" href="class_d_b.html#a421831a265621325e1fdd19aace0c758"/>
        <topic label="__construct" href="class_d_b.html#a8c85fb8ed3ca44e9e2c26fe9425f2e52"/>
        <topic label="begin" href="class_d_b.html#a40c128657e337149a3888a4c144831a6"/>
        <topic label="commit" href="class_d_b.html#af5674c27d4a92f6228565010eacbb9cb"/>
        <topic label="exec" href="class_d_b.html#adbb900534b6300c2f1bc3270afb20772"/>
        <topic label="instantiate" href="class_d_b.html#ac0adf42c17bac01b85d1589588138afa"/>
        <topic label="rollback" href="class_d_b.html#afa549adf79e3f8c09fe8f903dd5fbfa7"/>
        <topic label="rows" href="class_d_b.html#a54e9b4227a5b5a240fdfe788878598e6"/>
        <topic label="schema" href="class_d_b.html#a8cc0b57dad13ce03bd25e77e34313797"/>
        <topic label="session" href="class_d_b.html#aae20ad0afa0385b286c46d75102c8176"/>
        <topic label="sql" href="class_d_b.html#aceaa394a56b4a0376a4fb221e60f1a96"/>
        <topic label="type" href="class_d_b.html#a6fde55847377176e4f51ddd53705f269"/>
        <topic label="$auto" href="class_d_b.html#a3e7c62619db1d6c51bd94b942323744c"/>
        <topic label="$backend" href="class_d_b.html#a2ebc47c1548afff918b2f2fb5d6152ba"/>
        <topic label="$dbname" href="class_d_b.html#ac5111a571fffa2499732833bb7f0d8c1"/>
        <topic label="$opt" href="class_d_b.html#a7fef1cb364d4fb76ac905a9b9fa60c68"/>
        <topic label="$pdo" href="class_d_b.html#a5766efd703cef0e00bfc06b3f3acbe0e"/>
        <topic label="$pw" href="class_d_b.html#a4a84bb9d73addd9e90f2f34c36035df4"/>
        <topic label="$result" href="class_d_b.html#a112ef069ddc0454086e3d1e6d8d55d07"/>
        <topic label="$rows" href="class_d_b.html#ace2ec39e7df3899fa8df9640ec274b03"/>
        <topic label="$trans" href="class_d_b.html#ac75852aae94b46848119a6d7c922cf2e"/>
        <topic label="$user" href="class_d_b.html#a598ca4e71b15a1313ec95f0df1027ca5"/>
        <topic label="TEXT_DBEngine" href="class_d_b.html#a1a3fcb9bcab05ff199ad51e99e92738a"/>
        <topic label="TEXT_ExecFail" href="class_d_b.html#a0d98164bdc44aac8ab78a495f9b4dbbd"/>
        <topic label="TEXT_Schema" href="class_d_b.html#a95b8b8139fe6c755143b11c0d3c58e36"/>
      </topic>
      <topic label="F3" href="class_f3.html">
        <topic label="__callStatic" href="class_f3.html#a9fa8e32de2139fd5e55c102dcdf9120f"/>
        <topic label="autoload" href="class_f3.html#ab4c022bf9d3474583030f31894865182"/>
        <topic label="cached" href="class_f3.html#accb1bfca3276037c190e26fba6e81d81"/>
        <topic label="call" href="class_f3.html#a8ce9c2820319d0695d89bab8aafc9e2f"/>
        <topic label="clear" href="class_f3.html#acc8237f9189f8ad2a9d854895561dbc2"/>
        <topic label="config" href="class_f3.html#a2c05718b19e72f8a43b37e49a30f6127"/>
        <topic label="error" href="class_f3.html#a1fea7628c9c15324c20249337c3ce59a"/>
        <topic label="exists" href="class_f3.html#a1a924eadddd0dc6fd3f6604a2352d950"/>
        <topic label="expect" href="class_f3.html#a8701e157d811148d60d6d1ef95afba02"/>
        <topic label="expire" href="class_f3.html#acb41cfb1f7fc76ef0d0e27bdc96d9004"/>
        <topic label="get" href="class_f3.html#a89ad793ee2d278697c97859a4781a093"/>
        <topic label="headers" href="class_f3.html#aa56aeb274c2076fb9d93e6e439745183"/>
        <topic label="htmldecode" href="class_f3.html#acb81942048d2952e9c179190eb1903f9"/>
        <topic label="htmlencode" href="class_f3.html#a73af044ed2025e824e02f7d9d57189f7"/>
        <topic label="input" href="class_f3.html#a04bbd591e34e74f3c17bc9f38d56f42d"/>
        <topic label="loadstatic" href="class_f3.html#ad731e58d2042bdd6b7dbde00fe85afde"/>
        <topic label="map" href="class_f3.html#a58cb3c4dd25dd183e1ada9735af421c0"/>
        <topic label="mock" href="class_f3.html#af97c057c647bb6c3959ae6c69e7e4aa2"/>
        <topic label="mset" href="class_f3.html#a3e3d05cae278ed34cae97493025e3a3f"/>
        <topic label="profile" href="class_f3.html#a00142c69020858bc18c739cfc650d1c8"/>
        <topic label="render" href="class_f3.html#a4425cfc34940556c14f3ccde7d6a9a5a"/>
        <topic label="reroute" href="class_f3.html#ae69045957d86e151a994363fcf50b866"/>
        <topic label="route" href="class_f3.html#a1e95534061261027e9db36e3c365e951"/>
        <topic label="run" href="class_f3.html#ad3a572002fd350672b531756f7306e8f"/>
        <topic label="scrub" href="class_f3.html#a734c74b2dde54f609185ffe5878532ba"/>
        <topic label="send" href="class_f3.html#aab570cfe7472b8c02f32bc7a9ec8942a"/>
        <topic label="set" href="class_f3.html#a84a8379e8206547b41903fc341a57e7f"/>
        <topic label="start" href="class_f3.html#a146085d0f3a9d17bdcd7f3d4081d8c0d"/>
        <topic label="status" href="class_f3.html#ac9ad4938fab87d5cd32fb6514136fd46"/>
        <topic label="stop" href="class_f3.html#a00c3c0c2fc53579e9d1ac28a52623450"/>
      </topic>
      <topic label="F3instance" href="class_f3instance.html">
        <topic label="__construct" href="class_f3instance.html#a96ebe8a82111a51aa91918a0333fd348"/>
        <topic label="__call" href="class_f3instance.html#a975d2c46a134129eb727fadcadf48adf"/>
        <topic label="grab" href="class_f3instance.html#aec8b79f0056338d5250d69beb38d0a55"/>
        <topic label="ref" href="class_f3instance.html#aca05f2aa0c45be6e13dca434ea16f4b5"/>
        <topic label="sandbox" href="class_f3instance.html#a0e9321721632b1235c6ef5f800dd03e4"/>
        <topic label="TEXT_Conflict" href="class_f3instance.html#a4560698f88bc8a2f708b7c908570f046"/>
      </topic>
      <topic label="F3markup" href="class_f3markup.html">
        <topic label="__construct" href="class_f3markup.html#ac3184097b092f1c942ed1f3d9995e65c"/>
        <topic label="build" href="class_f3markup.html#a0e9d773ad8306b0d66337606414a443d"/>
        <topic label="expr" href="class_f3markup.html#a9882d3a611a499c65c74ce93c0434bda"/>
        <topic label="isdef" href="class_f3markup.html#a87611b00c2da41f823907c965ae42100"/>
        <topic label="load" href="class_f3markup.html#a51da37ea15626c0cd6f3e977656723d1"/>
        <topic label="$cache" href="class_f3markup.html#ac2dc76d756ec398393d4b1d23659276c"/>
        <topic label="$globals" href="class_f3markup.html#aab94a86ac6c11a08ea99c0662106ec1e"/>
        <topic label="$mime" href="class_f3markup.html#a958cf7aca45cea5359ba0fa80ee2f2c1"/>
        <topic label="$syms" href="class_f3markup.html#aab06048c1c5a5f64a61bdf48a02d2f22"/>
        <topic label="TEXT_AttribInvalid" href="class_f3markup.html#a3edfba5827e9e01b46a0076adde459e8"/>
        <topic label="TEXT_AttribMissing" href="class_f3markup.html#a1df96c4c2bfd8a64b73bd33ef24aa0f1"/>
        <topic label="TEXT_Global" href="class_f3markup.html#a36d6201a390192dae170b7e6979312e8"/>
      </topic>
      <topic label="FileDB" href="class_file_d_b.html">
        <topic label="__construct" href="class_file_d_b.html#a4de5e3c36954efe21ba57b23da88e91a"/>
        <topic label="begin" href="class_file_d_b.html#a3a9793666e688407121d76d3a7e4db5d"/>
        <topic label="commit" href="class_file_d_b.html#af5674c27d4a92f6228565010eacbb9cb"/>
        <topic label="convert" href="class_file_d_b.html#a5422a7697652adb6f2188d81643f58a9"/>
        <topic label="read" href="class_file_d_b.html#a5e01d7dd9856bda2fe2e7cd6ff131a31"/>
        <topic label="rollback" href="class_file_d_b.html#afa549adf79e3f8c09fe8f903dd5fbfa7"/>
        <topic label="session" href="class_file_d_b.html#aae20ad0afa0385b286c46d75102c8176"/>
        <topic label="write" href="class_file_d_b.html#ac97c25e95c020614ef4176872fc1d863"/>
        <topic label="$journal" href="class_file_d_b.html#a82d340c6fc4c5debb649394de4853097"/>
        <topic label="$path" href="class_file_d_b.html#a0a4baf0b22973c07685c3981f0d17fc4"/>
        <topic label="$result" href="class_file_d_b.html#a112ef069ddc0454086e3d1e6d8d55d07"/>
        <topic label="FORMAT_GZip" href="class_file_d_b.html#a9d9bd0ebc7b022d94a2397a100c36382"/>
        <topic label="FORMAT_JSON" href="class_file_d_b.html#ab5b06d4e1b51345fd3778b422815451d"/>
        <topic label="FORMAT_Plain" href="class_file_d_b.html#a14cb4584cd48c2622b8d41690b40f08b"/>
        <topic label="FORMAT_Serialized" href="class_file_d_b.html#a8e7a886766aa7d2923696e6e11a84c2f"/>
        <topic label="TEXT_Criteria" href="class_file_d_b.html#aa51afb6931a4b48ace93b130a9de7e06"/>
      </topic>
      <topic label="Geo" href="class_geo.html">
        <topic label="location" href="class_geo.html#a43a39a73edc0ed6ed348a61661017842"/>
        <topic label="timezones" href="class_geo.html#a5073d3528fdf777b142f309134153746"/>
        <topic label="weather" href="class_geo.html#abbed4b74047ce0a103283907f691b49e"/>
        <topic label="$countries" href="class_geo.html#ad364aeb0b3108c3b63292d8276a4995a"/>
      </topic>
      <topic label="Google" href="class_google.html">
        <topic label="feed" href="class_google.html#ac609ae94a7a7984e7615cb81c7a6c77d"/>
        <topic label="geocode" href="class_google.html#aa916d12cf27cc51568ec4876b57c000d"/>
        <topic label="search" href="class_google.html#afe9c3b98459a5e9b4e82c6ae2d9e6b79"/>
        <topic label="staticmap" href="class_google.html#a3e3cebb857394b2922c2ee569701d1b0"/>
      </topic>
      <topic label="Graphics" href="class_graphics.html">
        <topic label="captcha" href="class_graphics.html#adc1052da0bf98316b75ec92479df08ea"/>
        <topic label="fakeImage" href="class_graphics.html#af93695a811296510fa780b77ccb88df6"/>
        <topic label="grayscale" href="class_graphics.html#a13f82b7c1288b9f3e97af194c1b22376"/>
        <topic label="identicon" href="class_graphics.html#a28990f2e75fc07ead6810b833e55f8da"/>
        <topic label="invert" href="class_graphics.html#a0e41d6a07218da29a67bdc3ad2492fbd"/>
        <topic label="onload" href="class_graphics.html#a19f6dcfab5fa39cb01391f840257e689"/>
        <topic label="rgb" href="class_graphics.html#a9a2b9500f9dcffe50c0dce19580be8f4"/>
        <topic label="screenshot" href="class_graphics.html#af3b68546e0207abff24fe19c14ce69f9"/>
        <topic label="thumb" href="class_graphics.html#acb160f4bc28cdcb32732f94f6ec42c32"/>
        <topic label="GFX_BGColor" href="class_graphics.html#a6b9a31c0ea3536deeb8cce3953608ec2"/>
        <topic label="GFX_IdBlocks" href="class_graphics.html#a884ea46ca8f0511be8cc7d0a2f4d7190"/>
        <topic label="GFX_IdPixels" href="class_graphics.html#ada493864939ef1b01c9fc773c9995318"/>
        <topic label="GFX_Transparency" href="class_graphics.html#afc0e5a6421c44c015c4f6421018f2617"/>
        <topic label="PNG_Compress" href="class_graphics.html#a0ba28b79118cab8324027d5ffbdb7900"/>
        <topic label="TEXT_Color" href="class_graphics.html#a40bcceed58372f4691bf5ea8dcb68522"/>
        <topic label="TEXT_Image" href="class_graphics.html#a597274dacc03702a4f65d319026df2f1"/>
      </topic>
      <topic label="ICU" href="class_i_c_u.html">
        <topic label="format" href="class_i_c_u.html#abd58cc8d8a59730d052065a480fb3894"/>
        <topic label="load" href="class_i_c_u.html#a72c5352010f3f5eb1e28131abdb83831"/>
        <topic label="$languages" href="class_i_c_u.html#a8856d0a49881ef8e0a6d205d37d4a7af"/>
        <topic label="$locale" href="class_i_c_u.html#a3b392f5a691b803e728f1fb42b35f6e1"/>
      </topic>
      <topic label="Jig" href="class_jig.html">
        <topic label="__construct" href="class_jig.html#a095c5d389db211932136b53f25f39685"/>
        <topic label="__get" href="class_jig.html#ad3b727ef7276b83bf4ac78de872d4a25"/>
        <topic label="__isset" href="class_jig.html#a8f132f051b7cd7d570ccb9f6e2bb4201"/>
        <topic label="__set" href="class_jig.html#ab590703a68f21a9a704498e83e72a252"/>
        <topic label="__toString" href="class_jig.html#a7516ca30af0db3cdbf9a7739b48ce91d"/>
        <topic label="__unset" href="class_jig.html#a8a93654c7bfe3f0a9bb7af531e513d44"/>
        <topic label="afind" href="class_jig.html#aa0d041e7b925dcb06d132cfaedb6f0a6"/>
        <topic label="afindone" href="class_jig.html#a39614cb826d1e9ec77927b77b7050029"/>
        <topic label="cast" href="class_jig.html#a628b70732c2d900143c84a426e179c2d"/>
        <topic label="copyFrom" href="class_jig.html#a9494bee4fd2cc2236c01d2e0b0e3138e"/>
        <topic label="copyTo" href="class_jig.html#a4e1fdefc283cb470758985a8bd8a4f72"/>
        <topic label="dry" href="class_jig.html#acc3a900450447c51540aaa9dec5959a4"/>
        <topic label="erase" href="class_jig.html#a2c07d7c34baa2411b1b9e771fdee5f5d"/>
        <topic label="factory" href="class_jig.html#a93864bae7451b7cf9d4d060bfb3cc429"/>
        <topic label="find" href="class_jig.html#aa1e402cb136266c33717a0ff989500c8"/>
        <topic label="findone" href="class_jig.html#a1a5d92ba739a084ec0a8b600ac4e3095"/>
        <topic label="found" href="class_jig.html#a717e9695cc7b551c5e0c6b8a31f377f7"/>
        <topic label="load" href="class_jig.html#aa280ad1df42bae161243a9af50ca02b9"/>
        <topic label="next" href="class_jig.html#acea62048bfee7b3cd80ed446c86fb78a"/>
        <topic label="prev" href="class_jig.html#a190535b88008d474b610585a5d9eb84c"/>
        <topic label="reset" href="class_jig.html#a4a20559544fdf4dcb457e258dc976cf8"/>
        <topic label="save" href="class_jig.html#afc8a3c62679cf00ade9f15fb2a6d6132"/>
        <topic label="skip" href="class_jig.html#a424e80451016ca69049ec331e3cdeed6"/>
        <topic label="sync" href="class_jig.html#a3455d3640e8cb8a444d2b2f23efd3700"/>
        <topic label="$_id" href="class_jig.html#a64da16c4a1c7b2dc6784f6ef26341ed7"/>
        <topic label="$cond" href="class_jig.html#a69797a95f7c668470e5eafed3ebf7706"/>
        <topic label="$mod" href="class_jig.html#a54322f8babba5ad4bf1e1abb04aea591"/>
        <topic label="$object" href="class_jig.html#a52123b83a1952a68c5513e47d59ec4a6"/>
        <topic label="$ofs" href="class_jig.html#a64bbc9db7be7a50923b9dfe8e2ed4c63"/>
        <topic label="$seq" href="class_jig.html#a1218a0024d97fff966ca7d198477c187"/>
        <topic label="$table" href="class_jig.html#ae8876a14058f368335baccf35af4a22b"/>
        <topic label="TEXT_JigConnect" href="class_jig.html#af06f02613ad6cdbeb444672f8ad26378"/>
        <topic label="TEXT_JigEmpty" href="class_jig.html#aaaba010ad951f1e8aa4423d117543138"/>
        <topic label="TEXT_JigField" href="class_jig.html#ad8825cfec713d205e6816409695f3683"/>
        <topic label="TEXT_JigTable" href="class_jig.html#afd02ee80c5c01bafa15f8107e2eaea1a"/>
      </topic>
      <topic label="Log" href="class_log.html">
        <topic label="__construct" href="class_log.html#a8ef77288a5f940c68ebc57fdf0102078"/>
        <topic label="__destruct" href="class_log.html#a421831a265621325e1fdd19aace0c758"/>
        <topic label="write" href="class_log.html#a7adaaed01fff914aa3b8a47405629ecc"/>
        <topic label="$handle" href="class_log.html#ad86c3fbc5672e1deeafc5229012b0b5d"/>
        <topic label="LOG_Size" href="class_log.html#ae98f20cd1694d79271cfbac33d4a7997"/>
        <topic label="LOG_Timeout" href="class_log.html#ae4701c1a58e7fc5678af10c33da744fa"/>
        <topic label="TEXT_LogLock" href="class_log.html#a97f3b668fb9eb63fc5a2a1893813ca1d"/>
        <topic label="TEXT_LogOpen" href="class_log.html#a6607123aa574671a5cc45cb4afd8c9e6"/>
      </topic>
      <topic label="M2" href="class_m2.html">
        <topic label="__construct" href="class_m2.html#a095c5d389db211932136b53f25f39685"/>
        <topic label="__get" href="class_m2.html#abc8e9e31bb15c8a44c3210ec551407c8"/>
        <topic label="__isset" href="class_m2.html#a8f132f051b7cd7d570ccb9f6e2bb4201"/>
        <topic label="__set" href="class_m2.html#ab590703a68f21a9a704498e83e72a252"/>
        <topic label="__unset" href="class_m2.html#a8a93654c7bfe3f0a9bb7af531e513d44"/>
        <topic label="afind" href="class_m2.html#a073ddd78704ad4aef2056ef9f50d1f74"/>
        <topic label="afindone" href="class_m2.html#aec726c59f6dae0101a37db0596b458da"/>
        <topic label="cast" href="class_m2.html#a628b70732c2d900143c84a426e179c2d"/>
        <topic label="copyFrom" href="class_m2.html#a9494bee4fd2cc2236c01d2e0b0e3138e"/>
        <topic label="copyTo" href="class_m2.html#a4e1fdefc283cb470758985a8bd8a4f72"/>
        <topic label="dry" href="class_m2.html#acc3a900450447c51540aaa9dec5959a4"/>
        <topic label="erase" href="class_m2.html#a933f3fa1037c8b797bdd237d811edf82"/>
        <topic label="factory" href="class_m2.html#af5c7d37e4c493c6378fd13a01ab26135"/>
        <topic label="find" href="class_m2.html#af5b9d621a7868e8f8a922d9c9311cabd"/>
        <topic label="findone" href="class_m2.html#a693a0d753cbd304aab770ab4b33077a6"/>
        <topic label="found" href="class_m2.html#a4742c4124d7bc49023a99fc80cdba4a1"/>
        <topic label="load" href="class_m2.html#af8bf4a035f1ea90ce2ea314e5dc9ac53"/>
        <topic label="lookup" href="class_m2.html#acdd3b08670caeda6d397971f36e67ab5"/>
        <topic label="next" href="class_m2.html#acea62048bfee7b3cd80ed446c86fb78a"/>
        <topic label="prev" href="class_m2.html#a190535b88008d474b610585a5d9eb84c"/>
        <topic label="reset" href="class_m2.html#a4a20559544fdf4dcb457e258dc976cf8"/>
        <topic label="save" href="class_m2.html#afc8a3c62679cf00ade9f15fb2a6d6132"/>
        <topic label="select" href="class_m2.html#a701f78ac6d7ece9e18883fe7ee612e9f"/>
        <topic label="skip" href="class_m2.html#a424e80451016ca69049ec331e3cdeed6"/>
        <topic label="sync" href="class_m2.html#a0a9ffa1325b093d966032893d01babfd"/>
        <topic label="$collection" href="class_m2.html#ab9e21dbbe588414048003c715034e2aa"/>
        <topic label="$cond" href="class_m2.html#a69797a95f7c668470e5eafed3ebf7706"/>
        <topic label="$object" href="class_m2.html#a52123b83a1952a68c5513e47d59ec4a6"/>
        <topic label="$ofs" href="class_m2.html#a64bbc9db7be7a50923b9dfe8e2ed4c63"/>
        <topic label="$seq" href="class_m2.html#a1218a0024d97fff966ca7d198477c187"/>
        <topic label="TEXT_M2Collection" href="class_m2.html#a7da62bb8dc5f355ffcbe8b5076b83937"/>
        <topic label="TEXT_M2Connect" href="class_m2.html#a668ca7c120bd185dc39137415e766fc4"/>
        <topic label="TEXT_M2Empty" href="class_m2.html#aa42a70616773c11f531c5507c6077311"/>
      </topic>
      <topic label="Matrix" href="class_matrix.html">
        <topic label="changekey" href="class_matrix.html#a36ffc0f964f28441dea7a8c415885f0a"/>
        <topic label="pick" href="class_matrix.html#ad9bb9ea3eff029a70189f04e93611895"/>
        <topic label="sort" href="class_matrix.html#aa6a3f1f875443240ac1599218f338485"/>
        <topic label="transpose" href="class_matrix.html#a17283c0a3f6608a5b6ad3817e28ecb05"/>
      </topic>
      <topic label="Net" href="class_net.html">
        <topic label="onload" href="class_net.html#a19f6dcfab5fa39cb01391f840257e689"/>
        <topic label="ping" href="class_net.html#a55b068b81e46fbdd2be5bfe8ee4cae21"/>
        <topic label="traceroute" href="class_net.html#a496095346731b9ae5d1341f87c8ffbae"/>
        <topic label="whois" href="class_net.html#ab669d0dc0466104fb25d684e91ddb493"/>
      </topic>
      <topic label="OpenID" href="class_open_i_d.html">
        <topic label="__construct" href="class_open_i_d.html#a095c5d389db211932136b53f25f39685"/>
        <topic label="__get" href="class_open_i_d.html#a4537dad3b44254124991341cc91b28fb"/>
        <topic label="__isset" href="class_open_i_d.html#ae858fed7cd2822fbceac154138b68baa"/>
        <topic label="__set" href="class_open_i_d.html#ae5e0d9ea041c1957ef04189b0b29657c"/>
        <topic label="__unset" href="class_open_i_d.html#a41af7dd29c879b4c30978876ebdf4ba7"/>
        <topic label="auth" href="class_open_i_d.html#a179c640294162bab4a85587e82572fa7"/>
        <topic label="verified" href="class_open_i_d.html#aa867dc448db1f911e0cc51a3ee20a85e"/>
        <topic label="$args" href="class_open_i_d.html#a67e94494731d99ed23b123e95175bc10"/>
        <topic label="TEXT_EndPoint" href="class_open_i_d.html#abf6b1597772a7ee2d977a8ef95fecdfc"/>
      </topic>
      <topic label="SMTP" href="class_s_m_t_p.html">
        <topic label="__construct" href="class_s_m_t_p.html#ad76705a983e79b60b96a6f05ea978c04"/>
        <topic label="__destruct" href="class_s_m_t_p.html#a421831a265621325e1fdd19aace0c758"/>
        <topic label="attach" href="class_s_m_t_p.html#a4e05021e6bc119e4914023b3268ffaaa"/>
        <topic label="clear" href="class_s_m_t_p.html#a10a949ef75de6c82c98ac555f371ba83"/>
        <topic label="dialog" href="class_s_m_t_p.html#a1355cff9cbdc7d9f87e0edafde867bae"/>
        <topic label="get" href="class_s_m_t_p.html#a24a9bf83a1002d46ece83a93d14bd921"/>
        <topic label="send" href="class_s_m_t_p.html#aa06a9d0e68532ceeeb176f5ceb9e15ca"/>
        <topic label="set" href="class_s_m_t_p.html#ac8d8012023e560c81f55a629022cb65a"/>
        <topic label="$attachments" href="class_s_m_t_p.html#aa2f80297e973639eba0f2f8619fe783b"/>
        <topic label="$enc" href="class_s_m_t_p.html#ac35f45ece02c139742f8d3edacae5925"/>
        <topic label="$log" href="class_s_m_t_p.html#a9a2cf15a653aee8be437f7ae474cd494"/>
        <topic label="$port" href="class_s_m_t_p.html#aa0787efab4b22e8a212882f3409d4c77"/>
        <topic label="$server" href="class_s_m_t_p.html#ad135cc8a47e55f0829949cf62214170f"/>
        <topic label="$socket" href="class_s_m_t_p.html#a33a9dcf5eaeebf833f2390060f8caf5e"/>
        <topic label="EOL" href="class_s_m_t_p.html#a0603d6ece8c5d37b4b7db697db053a4b"/>
        <topic label="SMTP_Content" href="class_s_m_t_p.html#a0267864782bc5e3ddc24a0e31b8e388b"/>
        <topic label="SMTP_Disposition" href="class_s_m_t_p.html#a68df46f29f24229e8d7fa74799d3feca"/>
        <topic label="SMTP_Encoding" href="class_s_m_t_p.html#abb8f985362a85a9b61151502bb256748"/>
        <topic label="SMTP_MIME" href="class_s_m_t_p.html#a7382181cfeaa23c5c23224674ec5b5b5"/>
        <topic label="SMTP_Notice" href="class_s_m_t_p.html#a48bffe5e1015cb016c3bc05543fd69f1"/>
        <topic label="TEXT_MailAttach" href="class_s_m_t_p.html#a44c1e5b5f2c0d3c5b6594adf54d32040"/>
        <topic label="TEXT_MailBlank" href="class_s_m_t_p.html#a9eef45590449c9a3c9d8cc2f4b7e8b36"/>
        <topic label="TEXT_MailHeader" href="class_s_m_t_p.html#a57c485b4170f427a69e1b8c871747d1d"/>
      </topic>
      <topic label="Template" href="class_template.html">
        <topic label="serve" href="class_template.html#a88e7431a32b8dc20b206ed550f29fb7d"/>
        <topic label="TEXT_Render" href="class_template.html#aecc43d914bee6874975616d18d430403"/>
      </topic>
      <topic label="Text" href="class_text.html">
        <topic label="adiff" href="class_text.html#ab0f3f9705122781df7f2d5f36040e11b"/>
        <topic label="diff" href="class_text.html#aab6a9fec8c15b417d497f0db7f6afbea"/>
        <topic label="patch" href="class_text.html#a2c1c913f541b26c582447d69074a4594"/>
      </topic>
      <topic label="Twitter" href="class_twitter.html">
        <topic label="followers" href="class_twitter.html#a5d06e42722941404a6b60904e99e96eb"/>
        <topic label="friends" href="class_twitter.html#a67430c050c99eef1a1606a1a581b870a"/>
        <topic label="search" href="class_twitter.html#a2decefe28548ea3ac24e35b2b9053449"/>
        <topic label="show" href="class_twitter.html#a4a1e10d3059e59c74499c1920dcd1d25"/>
      </topic>
      <topic label="UTF" href="class_u_t_f.html">
        <topic label="stripos" href="class_u_t_f.html#a2e6719400846ed78949bb9584114c799"/>
        <topic label="stristr" href="class_u_t_f.html#a925bd9a2b79ee87ff563d27d6726e804"/>
        <topic label="strlen" href="class_u_t_f.html#a4c29a687d4ed62c26a10e41d98930d5f"/>
        <topic label="strpos" href="class_u_t_f.html#a91ed588751c637665c3f87dcf8744962"/>
        <topic label="strripos" href="class_u_t_f.html#ab6a6cbadbcb7e8ebabb6afb498d247ef"/>
        <topic label="strrpos" href="class_u_t_f.html#a5776554dee96b710cf7c9af848c784b5"/>
        <topic label="strstr" href="class_u_t_f.html#a8f3d10fd540326f920b64a6a4192408b"/>
        <topic label="substr" href="class_u_t_f.html#abfc7787727cee675a045707fd10911fd"/>
        <topic label="substr_count" href="class_u_t_f.html#a0e1d15202e2b1a5f525595a95c105ec5"/>
      </topic>
      <topic label="Web" href="class_web.html">
        <topic label="frequency" href="class_web.html#abbfaa5e38bb1f798382235bff6c49ab4"/>
        <topic label="http" href="class_web.html#a4a75faf3a919c074db5ae5ad8efec541"/>
        <topic label="isajax" href="class_web.html#a0ae431368f693509f0cc5d31590f63da"/>
        <topic label="minify" href="class_web.html#abe36ca97dc68270db7f5f6d44127c0b4"/>
        <topic label="onload" href="class_web.html#a19f6dcfab5fa39cb01391f840257e689"/>
        <topic label="sitemap" href="class_web.html#a16736baa6a8cd2d9e9b707f3642ed4ca"/>
        <topic label="slug" href="class_web.html#ad8a4eeef2d64c51a96371a30b67e958f"/>
        <topic label="EOL" href="class_web.html#a0603d6ece8c5d37b4b7db697db053a4b"/>
        <topic label="TEXT_Minify" href="class_web.html#a85e5d2eef22b25401f4dc6ba447ec779"/>
      </topic>
      <topic label="XML" href="class_x_m_l.html">
        <topic label="decode" href="class_x_m_l.html#aabefaf0c324211e9dbf6d55de712618f"/>
        <topic label="encode" href="class_x_m_l.html#a8976eee5623e2f188268b7a3e9074c5a"/>
        <topic label="$xmltab" href="class_x_m_l.html#a29d144543b589f1eeff4b5bdebd90862"/>
      </topic>
      <topic label="Yahoo" href="class_yahoo.html">
        <topic label="inlinks" href="class_yahoo.html#a17c8d74f610863474346cbc1c8b1f3ff"/>
        <topic label="online" href="class_yahoo.html#a37b197a76d5d48010f826d9882431a75"/>
        <topic label="ping" href="class_yahoo.html#ac20980c98c4499282645ae4f25f21237"/>
      </topic>
      <topic label="Zip" href="class_zip.html">
        <topic label="__construct" href="class_zip.html#a4dcf2dca431028c3987fadb0947edeb1"/>
        <topic label="clear" href="class_zip.html#ac0f83ad5f1c4461be8d4b50af9ae583e"/>
        <topic label="dir" href="class_zip.html#a17cfff4e7aae63d66e06be93dcf3ea31"/>
        <topic label="dos2unixtime" href="class_zip.html#a4de8c9d22b7b3f09476b75ca00b349b6"/>
        <topic label="get" href="class_zip.html#a855513a4c81c44402a11efb9a6145fe2"/>
        <topic label="set" href="class_zip.html#ae38ecf0a426d790ab4d491886c334355"/>
        <topic label="unix2dostime" href="class_zip.html#af7d47f1dfc156a2f673b12c2e4eb78fe"/>
        <topic label="$cdir" href="class_zip.html#aaac0baa6903aa8b3aa240b8abd59e7c5"/>
        <topic label="$cofs" href="class_zip.html#acd741b93436ef61d5b19b8b4d83dcea6"/>
        <topic label="BLOCK_Size" href="class_zip.html#acb7846a6fccd4fd2973d034644e0fd24"/>
        <topic label="CDEND_Sig" href="class_zip.html#a61e913f75dddd4a0dfe8d9ba26db0906"/>
        <topic label="CDHDR_Sig" href="class_zip.html#aab4dd65a1a6c5b08400d8ebe200e2bcb"/>
        <topic label="LFHDR_Sig" href="class_zip.html#a541d5f1109155fe6ed7fa75b0b0efbdb"/>
        <topic label="TEXT_NotValid" href="class_zip.html#ae41821319f9baa3aa48a72ea9e2b12a0"/>
        <topic label="TEXT_Required" href="class_zip.html#a5227df897325febed65beec668dabfd4"/>
        <topic label="TEXT_UnMethod" href="class_zip.html#a69a46648b387de6dda19238db880876a"/>
      </topic>
    </topic>
    <topic label="Data Structure Index" href="classes.html"/>
    <topic label="Class Hierarchy" href="hierarchy.html">
      <topic label="Base" href="class_base.html">
        <topic label="Akismet" href="class_akismet.html"/>
        <topic label="AtomRSS" href="class_atom_r_s_s.html"/>
        <topic label="Auth" href="class_auth.html"/>
        <topic label="Axon" href="class_axon.html"/>
        <topic label="Cache" href="class_cache.html"/>
        <topic label="Code" href="class_code.html"/>
        <topic label="Data" href="class_data.html"/>
        <topic label="DB" href="class_d_b.html"/>
        <topic label="F3" href="class_f3.html"/>
        <topic label="F3markup" href="class_f3markup.html"/>
        <topic label="FileDB" href="class_file_d_b.html"/>
        <topic label="Geo" href="class_geo.html"/>
        <topic label="Google" href="class_google.html"/>
        <topic label="Graphics" href="class_graphics.html"/>
        <topic label="ICU" href="class_i_c_u.html"/>
        <topic label="Jig" href="class_jig.html"/>
        <topic label="Log" href="class_log.html"/>
        <topic label="M2" href="class_m2.html"/>
        <topic label="Matrix" href="class_matrix.html"/>
        <topic label="Net" href="class_net.html"/>
        <topic label="OpenID" href="class_open_i_d.html"/>
        <topic label="SMTP" href="class_s_m_t_p.html"/>
        <topic label="Template" href="class_template.html"/>
        <topic label="Text" href="class_text.html"/>
        <topic label="Twitter" href="class_twitter.html"/>
        <topic label="UTF" href="class_u_t_f.html"/>
        <topic label="Web" href="class_web.html"/>
        <topic label="XML" href="class_x_m_l.html"/>
        <topic label="Yahoo" href="class_yahoo.html"/>
        <topic label="Zip" href="class_zip.html"/>
      </topic>
      <topic label="F3instance" href="class_f3instance.html"/>
    </topic>
    <topic label="Data Fields" href="functions.html">
      <topic label="All" href="functions.html">
        <topic label="$" href="functions.html"/>
        <topic label="_" href="functions_0x5f.html"/>
        <topic label="a" href="functions_0x61.html"/>
        <topic label="b" href="functions_0x62.html"/>
        <topic label="c" href="functions_0x63.html"/>
        <topic label="d" href="functions_0x64.html"/>
        <topic label="e" href="functions_0x65.html"/>
        <topic label="f" href="functions_0x66.html"/>
        <topic label="g" href="functions_0x67.html"/>
        <topic label="h" href="functions_0x68.html"/>
        <topic label="i" href="functions_0x69.html"/>
        <topic label="j" href="functions_0x6a.html"/>
        <topic label="l" href="functions_0x6c.html"/>
        <topic label="m" href="functions_0x6d.html"/>
        <topic label="n" href="functions_0x6e.html"/>
        <topic label="o" href="functions_0x6f.html"/>
        <topic label="p" href="functions_0x70.html"/>
        <topic label="r" href="functions_0x72.html"/>
        <topic label="s" href="functions_0x73.html"/>
        <topic label="t" href="functions_0x74.html"/>
        <topic label="u" href="functions_0x75.html"/>
        <topic label="v" href="functions_0x76.html"/>
        <topic label="w" href="functions_0x77.html"/>
      </topic>
      <topic label="Functions" href="functions_func.html">
        <topic label="_" href="functions_func.html"/>
        <topic label="a" href="functions_func_0x61.html"/>
        <topic label="b" href="functions_func_0x62.html"/>
        <topic label="c" href="functions_func_0x63.html"/>
        <topic label="d" href="functions_func_0x64.html"/>
        <topic label="e" href="functions_func_0x65.html"/>
        <topic label="f" href="functions_func_0x66.html"/>
        <topic label="g" href="functions_func_0x67.html"/>
        <topic label="h" href="functions_func_0x68.html"/>
        <topic label="i" href="functions_func_0x69.html"/>
        <topic label="j" href="functions_func_0x6a.html"/>
        <topic label="l" href="functions_func_0x6c.html"/>
        <topic label="m" href="functions_func_0x6d.html"/>
        <topic label="n" href="functions_func_0x6e.html"/>
        <topic label="o" href="functions_func_0x6f.html"/>
        <topic label="p" href="functions_func_0x70.html"/>
        <topic label="r" href="functions_func_0x72.html"/>
        <topic label="s" href="functions_func_0x73.html"/>
        <topic label="t" href="functions_func_0x74.html"/>
        <topic label="u" href="functions_func_0x75.html"/>
        <topic label="v" href="functions_func_0x76.html"/>
        <topic label="w" href="functions_func_0x77.html"/>
      </topic>
      <topic label="Variables" href="functions_vars.html"/>
    </topic>
  </topic>
</toc>
